{
  "dependencies": {
    "es6-promise": "github:typings/typed-es6-promise#9243c53f70fb4909ed7cce3094bec221b9fb6d5f",
    "zone.js": "github:gdi2290/typed-zone.js#66ea8a3451542bb7798369306840e46be1d6ec89"
  },
  "devDependencies": {},
  "ambientDependencies": {
    "node": "github:DefinitelyTyped/DefinitelyTyped/node/node.d.ts#8cf8164641be73e8f1e652c2a5b967c7210b6729",
    "webpack": "github:DefinitelyTyped/DefinitelyTyped/webpack/webpack.d.ts#95c02169ba8fa58ac1092422efbd2e3174a206f4",
    "es6-shim": "github:DefinitelyTyped/DefinitelyTyped/es6-shim/es6-shim.d.ts#7de6c3dd94feaeb21f20054b9f30d5dabc5efabd"
  }
}